priority,min,max,mean
high,0.09369501262608537,219.48233095548403,34.20548466212666
low,0.11337359186200047,274.86610273623864,40.282009154231766
medium,0.06979653909911576,234.71688624149692,38.928309416314065
normal,0.0021981818090353045,277.45854862899705,39.85572855047979
