priority,time_in_system
high,35.75077736292308
low,37.20045486404842
medium,37.07933401678838
normal,36.12544141313673
overall,36.525436516889705
