priority,min,max,mean
high,1.7866041465058515,382.56666746714905,85.99569279735772
low,0.8189295685706384,472.2477317414214,102.14946959215068
medium,0.33772951857572764,899.6585323462723,102.13402398707466
normal,0.43254281791769245,645.8821406174857,89.55719929049322
