priority,min,max,mean
high,0.22608053644808024,271.21794121791027,38.291016736254754
low,0.136872687055984,247.0068085973926,38.742568487242195
medium,0.020228281285199046,310.8310200647775,39.37872546436888
normal,0.061362592100977054,340.8028486046105,38.56569940621285
